Belgium_Municipalities,NSI,Crude_Prev_2014,Adj_Prev_2014,SMR_2014,Crude_Prev_2017,Adj_Prev_2017,SMR_2017,Diff_Prev_2017_2014,Nb_of_Patients
Aalst,41002,41.675,41.6589,1.275,41.8761,41.8908,1.276,0.2319,1189
Aalter,44001,60.2179,60.2116,1.843,61.1765,61.1346,1.862,0.923,1279
Aarschot,24001,54.9545,54.9476,1.682,55.2223,55.2097,1.681,0.2621,1159
Aartselaar,11001,38.4615,38.535,1.179,38.7899,38.7993,1.182,0.2643,1279
Affligem,23105,41.8028,41.8882,1.282,43.0127,43.1109,1.313,1.2227,1163
Aiseau-Presles,52074,5.4286,5.4244,0.166,4.5714,4.5727,0.139,-0.8517,997
Alken,73001,61.2288,61.0832,1.869,63.3475,63.0431,1.92,1.9599,1203
Alveringem,38002,54.8323,54.7103,1.674,53.8462,53.7301,1.636,-0.9802,1696
Amay,61003,7.3286,7.3347,0.224,1.9504,1.9529,0.059,-5.3818,1008
Amel,63001,9.854,9.8269,0.301,6.0219,6,0.183,-3.8269,1159
Andenne,92003,6.9103,6.8973,0.211,5.4485,5.4372,0.166,-1.4601,1214
Anderlecht,21001,11.3809,11.3782,0.348,10.3764,10.3852,0.316,-0.993,1177
Anderlues,56001,3.5417,3.5479,0.109,3.3333,3.3403,0.102,-0.2076,1679
Anhée,91005,7.1101,7.1038,0.217,6.5367,6.5303,0.199,-0.5735,884
Ans,62003,7.2699,7.2687,0.222,2.8504,2.8486,0.087,-4.4201,786
Anthisnes,61079,6.25,6.2552,0.191,0.5859,0.5869,0.018,-5.6683,899
Antoing,57003,13.9309,13.9214,0.426,12.743,12.7017,0.387,-1.2197,1389
Antwerpen,11002,39.7978,39.8366,1.219,39.9989,40.0332,1.219,0.1966,1813
Anzegem,34002,41.9238,41.963,1.284,45.1906,45.1854,1.376,3.2224,1130
Ardooie,37020,52.2648,52.1496,1.596,54.5296,54.4008,1.657,2.2512,1442
Arendonk,13001,54.7368,54.6577,1.673,55.4605,55.2806,1.683,0.6229,1650
Arlon,81001,13.134,13.1263,0.402,12.4286,12.4173,0.378,-0.709,1063
As,71002,57.6882,57.4871,1.759,59.1729,58.9223,1.794,1.4352,2864
Asse,23002,45.1527,45.1421,1.381,44.7278,44.6995,1.361,-0.4426,1149
Assenede,43002,56.8873,56.9237,1.742,58.1992,58.2085,1.773,1.2848,988
Assesse,92006,5.6555,5.6621,0.173,4.3702,4.3797,0.133,-1.2824,1203
Ath,51004,5.7005,5.7028,0.175,5.5303,5.5314,0.168,-0.1714,1074
Attert,81003,10.9375,10.8633,0.332,10.7143,10.6453,0.324,-0.218,636
Aubange,81004,8.3773,8.3588,0.256,7.3814,7.3608,0.224,-0.998,715
Aubel,63003,7.3118,7.3119,0.224,1.9355,1.9351,0.059,-5.3768,1545
Auderghem | Oudergem,21002,7.9334,7.9269,0.243,7.656,7.6504,0.233,-0.2765,1108
Avelgem,34003,43.4934,43.4972,1.331,47.6856,47.6802,1.452,4.183,802
Awans,62006,7.9077,7.913,0.242,2.7183,2.7176,0.083,-5.1954,2121
Aywaille,62009,5.5749,5.5684,0.17,1.6028,1.5989,0.049,-3.9695,1760
Baarle-Hertog,13002,62.9747,63.1395,1.932,63.9241,63.9206,1.947,0.7811,1069
Baelen,63004,12.5514,12.548,0.384,7.2016,7.2088,0.22,-5.3392,1581
Balen,13003,62.3098,62.2745,1.906,65.002,64.8936,1.976,2.6191,997
Bassenge,62011,9.7184,9.7249,0.298,3.7239,3.727,0.113,-5.9979,919
Bastogne,82003,9.7656,9.7484,0.298,9.7656,9.7542,0.297,0.0058,866
Beaumont,56005,2.4735,2.4773,0.076,3.6514,3.6596,0.111,1.1823,1118
Beauraing,91013,13.2163,13.197,0.404,13.0314,13.0217,0.397,-0.1753,1088
Beauvechain,25005,10.107,10.09,0.309,10.4637,10.4682,0.319,0.3782,1292
Beernem,31003,48.1358,48.2441,1.476,52.6433,52.8597,1.61,4.6156,2991
Beerse,13004,51.7893,51.7572,1.584,54.672,54.7006,1.666,2.9434,1490
Beersel,23003,25.739,25.6563,0.785,23.8459,23.7547,0.723,-1.9016,1575
Begijnendijk,24007,46.2139,46.1527,1.412,52.8493,52.8442,1.609,6.6915,1003
Bekkevoort,24008,53.7396,53.6502,1.642,53.6011,53.5139,1.63,-0.1363,1547
Beloeil,51008,7.4733,7.4801,0.229,6.465,6.4702,0.197,-1.0099,1755
Berchem-Ste-Agathe | St-Agatha-Berchem,21003,10.7311,10.7299,0.328,10.8491,10.849,0.33,0.1191,1314
Beringen,71004,61.9529,61.9177,1.895,62.7504,62.7957,1.912,0.878,1085
Berlaar,12002,52.1033,51.9679,1.59,54.4649,54.3913,1.656,2.4234,1196
Berlare,42003,50.4945,50.501,1.545,53.2967,53.355,1.625,2.854,738
Berloz,64008,10.7362,10.686,0.327,3.0675,3.0443,0.093,-7.6417,1764
Bernissart,51009,6.6574,6.6482,0.203,7.0735,7.0659,0.215,0.4177,1010
Bertem,24009,57.807,57.7353,1.767,51.0526,51.0683,1.555,-6.667,891
Bertogne,82005,10.0694,10.0408,0.307,0,0,0,-10.0408,549
Bertrix,84009,7.5203,7.5048,0.23,8.3333,8.3345,0.254,0.8297,1817
Bever,23009,30.8,30.6139,0.937,37.2,36.9714,1.126,6.3575,1361
Beveren,46003,45.4697,45.512,1.393,48.4732,48.5254,1.478,3.0134,1493
Beyne-Heusay,62015,6.3573,6.3591,0.195,3.3694,3.3691,0.103,-2.99,1504
Bierbeek,24011,57.541,57.6561,1.764,57.0492,57.1802,1.741,-0.4759,1469
Bičvre,91015,8.5492,8.5349,0.261,8.8083,8.7981,0.268,0.2632,1334
Bilzen,73006,49.833,49.7984,1.524,51.6568,51.614,1.572,1.8156,1542
Binche,56011,6.0478,6.0455,0.185,5.5556,5.5447,0.169,-0.5008,1426
Blankenberge,31004,46.6414,46.8098,1.432,46.9253,46.9737,1.43,0.1639,1785
Blégny,62119,7.0102,7.0021,0.214,3.595,3.5857,0.109,-3.4164,1829
Bocholt,72003,67.902,67.9003,2.078,68.1533,68.2852,2.079,0.3849,1982
Boechout,11004,35.254,35.2084,1.077,41.0781,41.0541,1.25,5.8457,1442
Bonheiden,12005,42.0425,42.0124,1.286,45.9824,45.8831,1.397,3.8707,1080
Boom,11005,43.2725,43.2109,1.322,44.0137,43.8835,1.336,0.6726,1879
Boortmeerbeek,24014,37.9444,37.8933,1.16,42.5339,42.4783,1.294,4.585,1314
Borgloon,73009,55.9829,55.9773,1.713,56.339,56.2915,1.714,0.3142,1203
Bornem,12007,49.9813,50.03,1.531,51.1028,51.1693,1.558,1.1393,1049
Borsbeek,11007,45.0491,45.0593,1.379,43.3107,43.3511,1.32,-1.7082,1533
Bouillon,84010,9.4053,9.411,0.288,8.852,8.8709,0.27,-0.5401,960
Boussu,53014,7.5211,7.5184,0.23,5.1804,5.1836,0.158,-2.3348,942
Boutersem,24016,54.162,54.1018,1.656,57.0477,57.0345,1.737,2.9327,1384
Braine-l'Alleud,25014,12.5481,12.5564,0.384,11.2587,11.2476,0.343,-1.3088,1157
Braine-le-Château,25015,9.8865,9.8778,0.302,8.9141,8.9073,0.271,-0.9705,1811
Braine-le-Comte,55004,6.6589,6.6442,0.203,5.7685,5.7498,0.175,-0.8944,1189
Braives,64015,8.2849,8.2683,0.253,2.7616,2.7669,0.084,-5.5014,1535
Brakel,45059,50.6494,50.603,1.549,51.3269,51.282,1.562,0.679,1565
Brasschaat,11008,50.4532,50.4988,1.545,51.756,51.8329,1.578,1.3341,1697
Brecht,11009,53.2253,53.1189,1.626,54.3052,54.2479,1.652,1.129,1955
Bredene,35002,55.021,55.1181,1.687,55.021,55.0871,1.678,-0.031,803
Bree,72004,57.6581,57.6687,1.765,63.6696,63.8727,1.945,6.204,1614
Brugelette,51012,4.3584,4.3456,0.133,3.3898,3.3859,0.103,-0.9597,836
Brugge,31005,44.387,44.444,1.36,46.2878,46.3427,1.411,1.8987,1265
Brunehaut,57093,11.0375,11.0529,0.338,11.9205,11.9325,0.363,0.8796,2570
Bruxelles | Brussel,21004,11.5856,11.5707,0.354,11.7831,11.7835,0.359,0.2128,2858
Buellingen,63012,12.5206,12.4997,0.383,6.2603,6.2402,0.19,-6.2595,2045
Buetgenbach,63013,11.4977,11.4384,0.35,4.5386,4.5131,0.137,-6.9253,475
Buggenhout,42004,44.0771,44.0868,1.349,48.9807,48.9799,1.492,4.8931,653
Burdinne,61010,8.7227,8.6667,0.265,0.9346,0.9276,0.028,-7.7391,1269
Burg-Reuland,63087,13.5468,13.5623,0.415,4.9261,4.9383,0.15,-8.624,741
Celles,57018,8.0569,8.0606,0.247,10.5845,10.578,0.322,2.5174,1403
Cerfontaine,93010,5.2441,5.2495,0.161,4.5208,4.5359,0.138,-0.7136,1356
Chapelle-lez-Herlaimont,52010,4.6771,4.6834,0.143,3.8976,3.9032,0.119,-0.7802,1009
Charleroi,52011,6.3879,6.3903,0.196,6.1914,6.1911,0.189,-0.1992,1106
Chastre,25117,7.5171,7.5241,0.23,6.7198,6.7363,0.205,-0.7878,970
Châtelet,52012,6.0606,6.0616,0.185,5.3514,5.3504,0.163,-0.7112,1142
Chaudfontaine,62022,6.1321,6.1408,0.188,2.3922,2.3917,0.073,-3.7491,1064
Chaumont-Gistoux,25018,7.5533,7.5538,0.231,5.9393,5.9362,0.181,-1.6176,1007
Chičvres,51014,5.3385,5.3253,0.163,5.0781,5.0604,0.154,-0.2649,475
Chimay,56016,7.3777,7.3743,0.226,3.3681,3.3675,0.103,-4.0068,1626
Chiny,85007,5.4645,5.4566,0.167,5.1002,5.1007,0.155,-0.3559,1007
Ciney,91030,10.4501,10.4369,0.319,9.312,9.301,0.283,-1.1359,869
Clavier,61012,9.6579,9.668,0.296,2.6157,2.6242,0.08,-7.0438,759
Colfontaine,53082,5.6257,5.6259,0.172,4.9369,4.9299,0.15,-0.696,1184
Comblain-au-Pont,62026,8.3841,8.3747,0.256,2.1341,2.1285,0.065,-6.2462,1216
Comines-Warneton,54010,21.7372,21.745,0.665,23.8745,23.8516,0.726,2.1066,1220
Courcelles,52015,7.5387,7.5399,0.231,6.3304,6.3275,0.193,-1.2124,953
Court-Saint-Etienne,25023,8.5521,8.5312,0.261,7.6207,7.6066,0.232,-0.9246,1302
Couvin,93014,7.151,7.1557,0.219,6.0069,6.0043,0.183,-1.1514,786
Crisnée,64021,10.0756,10.1097,0.309,2.0151,2.0218,0.062,-8.0879,1247
Dalhem,62027,6.1433,6.1308,0.188,2.9579,2.9537,0.09,-3.1771,
Damme,31006,50.683,50.572,1.548,51.2581,51.2762,1.562,0.7042,1109
Daverdisse,84016,9.4118,9.436,0.289,12.3529,12.33,0.375,2.894,1226
De Haan,35029,46.5806,46.7736,1.431,45.5285,45.5121,1.386,-1.2615,1787
De Panne,38008,52.7219,52.974,1.621,51.4793,51.5033,1.568,-1.4707,1445
De Pinte,44012,50.7307,50.8519,1.556,53.3055,53.4494,1.628,2.5975,1285
Deerlijk,34009,45.1846,45.28,1.386,48.8776,48.928,1.49,3.648,1927
Deinze,44011,62.7528,62.7968,1.922,62.1348,62.1578,1.893,-0.639,1997
Denderleeuw,41011,46.8987,46.8395,1.433,47.6127,47.6056,1.45,0.7661,1578
Dendermonde,42006,46.976,46.9522,1.437,48.1578,48.1544,1.466,1.2022,1417
Dentergem,37002,47.2064,47.1792,1.444,51.7674,51.8831,1.58,4.7039,1601
Dessel,13006,64.1423,64.1499,1.963,62.3175,62.3676,1.899,-1.7823,1436
Destelbergen,44013,53.322,53.3508,1.633,55.0994,55.1471,1.679,1.7963,1234
Diepenbeek,71011,56.1048,56.0965,1.717,57.9637,58.0206,1.767,1.9241,1154
Diest,24020,56.9064,56.9148,1.742,45.7352,45.7332,1.393,-11.1816,1422
Diksmuide,32003,60.5769,60.6283,1.855,62.0726,62.1261,1.892,1.4978,1877
Dilbeek,23016,28.5742,28.5652,0.874,33.2755,33.2898,1.014,4.7246,976
Dilsen-Stokkem,72041,57.5254,57.5625,1.762,56.9168,57.0646,1.738,-0.4979,1498
Dinant,91034,12.0143,12.0229,0.368,10.52,10.5214,0.32,-1.5015,1052
Dison,63020,9.5487,9.5579,0.292,4.7744,4.7805,0.146,-4.7774,740
Doische,93018,4.8338,4.8363,0.148,6.6465,6.6224,0.202,1.7861,1203
Donceel,64023,8.5714,8.5671,0.262,1.7143,1.7225,0.052,-6.8446,705
Dour,53020,5.2203,5.2213,0.16,4.7414,4.7432,0.144,-0.4781,1968
Drogenbos,23098,12.3499,12.3332,0.377,12.693,12.7061,0.387,0.3729,975
Duffel,12009,46.0412,46.0473,1.409,48.3295,48.3079,1.471,2.2606,955
Durbuy,83012,9.3728,9.3643,0.287,9.0204,9.0274,0.275,-0.3369,1610
Ecaussinnes,55050,5.8574,5.85,0.179,4.6689,4.6529,0.142,-1.1971,1294
Edegem,11013,32.8146,32.8458,1.005,35.4195,35.4476,1.079,2.6018,1228
Eeklo,43005,55.8066,55.8523,1.709,58.1451,58.0518,1.768,2.1995,725
Eghezee ,92035,6.1547,6.1433,0.188,5.3927,5.3858,0.164,-0.7575,770
Ellezelles,51017,8.0054,7.9904,0.245,7.5984,7.5882,0.231,-0.4022,839
Enghien,55010,13.3333,13.3358,0.408,9.7778,9.7665,0.297,-3.5693,1099
Engis,61080,7.2603,7.2553,0.222,2.6027,2.6031,0.079,-4.6522,614
Erezee ,83013,6.4677,6.4663,0.198,9.204,9.1944,0.28,2.7281,1256
Erpe-Mere,41082,45.2145,45.1876,1.383,48.5149,48.5607,1.479,3.3731,1290
Erquelinnes,56022,4.2205,4.2164,0.129,3.6176,3.6172,0.11,-0.5992,733
Esneux,62032,6.9817,6.9914,0.214,2.2556,2.2606,0.069,-4.7308,1498
Essen,11016,42.3197,42.3989,1.298,40.618,40.736,1.241,-1.6629,786
Estaimpuis,57027,12.205,12.206,0.374,13.5069,13.5032,0.411,1.2972,1000
Estinnes,56085,4.7668,4.7554,0.146,4.6632,4.6479,0.142,-0.1075,1047
Etalle ,85009,8.2552,8.2364,0.252,7.3171,7.329,0.223,-0.9074,689
Etterbeek,21005,9.3242,9.3059,0.285,8.6598,8.6557,0.264,-0.6502,1812
Eupen,63023,16.3112,16.3176,0.499,11.2505,11.2641,0.343,-5.0535,1100
Evere,21006,12.1538,12.1629,0.372,11.9389,11.9475,0.364,-0.2154,1319
Evergem,44019,52.5693,52.5577,1.608,53.4509,53.398,1.626,0.8403,783
Faimes,64076,7.8775,7.8289,0.24,1.5317,1.5231,0.046,-6.3058,1839
Farciennes,52018,7.278,7.2675,0.222,6.9141,6.9008,0.21,-0.3667,1866
Fauvillers,82009,4.6392,4.6252,0.142,5.1546,5.1498,0.157,0.5246,1561
Fernelmont,92138,4.3915,4.3746,0.134,3.1368,3.1204,0.095,-1.2542,1219
Ferričres,61019,6.5359,6.5256,0.2,0.6536,0.6539,0.02,-5.8717,1106
Fexhe-le-Haut-Clocher,64025,6.9231,6.8944,0.211,1.0256,1.0248,0.031,-5.8696,1173
Flémalle,62120,7.4143,7.4233,0.227,2.4405,2.4426,0.074,-4.9807,1127
Fléron,62038,7.8981,7.9109,0.242,3.8217,3.8202,0.116,-4.0907,1141
Fleurus,52021,6.2281,6.2279,0.191,5.6333,5.6305,0.171,-0.5974,660
Flobecq,51019,8.3538,8.3848,0.257,8.3538,8.3874,0.255,0.0026,1510
Floreffe,92045,3.0973,3.1087,0.095,3.8717,3.8884,0.118,0.7797,978
Florennes,93022,5.0642,5.0711,0.155,6.8474,6.8651,0.209,1.794,984
Florenville,85011,7.3973,7.4145,0.227,6.8493,6.863,0.209,-0.5515,1481
Fontaine-l'Evęque,52022,5.492,5.4982,0.168,4.897,4.9028,0.149,-0.5954,1411
Forest | Vorst,21007,10.1679,10.1684,0.311,10.2799,10.2722,0.313,0.1038,1006
Fosses-la-Ville,92048,4.7038,4.6941,0.144,5.2265,5.2202,0.159,0.5261,1327
Frameries,53028,7.0239,7.0276,0.215,4.4171,4.4142,0.134,-2.6134,1800
Frasnes-lez-Anvaing,51065,7.5055,7.5077,0.23,9.5659,9.5578,0.291,2.0501,1284
Froidchapelle,56029,7.0175,7.0126,0.215,4.2885,4.2905,0.131,-2.7221,972
Galmaarden,23023,41.8079,41.7744,1.278,45.1977,45.2019,1.377,3.4275,1009
Ganshoren,21008,13.0033,13.0102,0.398,11.7473,11.7414,0.358,-1.2688,471
Gavere,44020,50.8453,50.8858,1.557,54.6164,54.7078,1.666,3.822,1516
Gedinne,91054,10.0179,10.0441,0.307,9.4812,9.4844,0.289,-0.5597,1155
Geel,13008,59.3594,59.2429,1.813,61.2422,61.1215,1.861,1.8786,1739
Geer,64029,10,10.0188,0.307,2.6471,2.6608,0.081,-7.358,1658
Geetbets,24028,49.2435,49.2003,1.506,53.37,53.4277,1.627,4.2274,670
Gembloux,92142,5.4127,5.409,0.166,4.952,4.9489,0.151,-0.4601,1849
Genappe,25031,6.3277,6.3196,0.193,6.1655,6.1593,0.188,-0.1603,1441
Genk,71016,57.3683,57.2848,1.753,56.6811,56.6691,1.726,-0.6157,1184
Gent,44021,45.7952,45.8029,1.402,47.6933,47.705,1.453,1.9021,844
Geraardsbergen,41018,52.9383,52.933,1.62,53.0366,52.9933,1.614,0.0603,1415
Gerpinnes,52025,4.1621,4.1651,0.127,3.943,3.9387,0.12,-0.2264,1605
Gesves,92054,6.2059,6.1896,0.189,3.5261,3.5273,0.107,-2.6623,1526
Gingelom,71017,58.0913,58.2453,1.782,57.3651,57.5758,1.753,-0.6695,1309
Gistel,35005,55.2612,55.1014,1.686,54.9669,54.825,1.67,-0.2764,1285
Glabbeek,24137,50.1524,50.1608,1.535,51.372,51.3831,1.565,1.2223,990
Gooik,23024,36.8142,36.7875,1.126,40.177,40.1486,1.223,3.3611,1115
Gouvy,82037,7.1691,7.1791,0.22,7.1691,7.1787,0.219,-0.0004,891
Grâce-Hollogne,62118,7.8315,7.8301,0.24,3.3415,3.3393,0.102,-4.4908,1235
Grez-Doiceau,25037,8.6562,8.654,0.265,7.6877,7.6793,0.234,-0.9747,1922
Grimbergen,23025,28.7579,28.7649,0.88,34.6535,34.6667,1.056,5.9018,1519
Grobbendonk,13010,55.1582,55.1255,1.687,55.4333,55.3188,1.685,0.1933,1927
Haacht,24033,43.9011,43.9802,1.346,45.2501,45.4293,1.383,1.4491,689
Haaltert,41024,44.7619,44.6272,1.366,48.0272,47.9172,1.459,3.29,1264
Habay,85046,8.6207,8.5841,0.263,9.0186,9.0125,0.274,0.4284,1879
Halen,71020,63.6961,63.6055,1.946,59.9437,59.8339,1.822,-3.7716,1334
Halle,23027,29.6509,29.6833,0.908,32.9352,32.9573,1.004,3.274,1663
Ham,71069,65.1456,65.2438,1.997,57.4351,57.6132,1.754,-7.6306,868
Hamme,42008,3.6194,3.6163,0.111,3.1024,3.097,0.094,-0.5193,1046
Hamoir,61024,44.2016,44.2541,1.354,48.8192,48.8272,1.487,4.5731,2190
Hamois,91059,8.8296,8.8564,0.271,2.2587,2.2618,0.069,-6.5946,1141
Hamont-Achel,72037,7.0681,7.0586,0.216,5.7592,5.7663,0.176,-1.2923,1132
Ham-sur-Heure-Nalinnes,56086,71.0784,71.1232,2.177,72.1133,72.2589,2.2,1.1357,1901
Hannut,64034,9.3935,9.4089,0.288,3.2206,3.227,0.098,-6.1819,1442
Harelbeke,34013,50.1358,50.1472,1.535,51.1319,51.1565,1.558,1.0093,971
Hasselt,71022,58.6711,58.6972,1.796,60.3779,60.4556,1.841,1.7584,1696
Hastičre,91142,12.3113,12.3113,0.377,12.5436,12.4905,0.38,0.1792,1388
Havelange,91064,6.9853,6.9811,0.214,3.8603,3.8533,0.117,-3.1278,1571
Hechtel-Eksel,72038,66.7337,66.4922,2.035,65.057,64.8377,1.974,-1.6545,1722
Heers,73022,60.8259,60.9085,1.864,59.1518,59.255,1.804,-1.6535,653
Heist-op-den-Berg,12014,54.9516,54.9195,1.681,56.2669,56.2573,1.713,1.3378,1879
Hélécine,25118,11.5068,11.4635,0.351,10.9589,10.8875,0.332,-0.576,873
Hemiksem,11018,40.3912,40.3791,1.236,40.7313,40.6371,1.238,0.258,744
Hensies,53039,7.4324,7.4426,0.228,5.0676,5.0826,0.155,-2.36,1440
Herbeumont,84029,5.3763,5.3809,0.165,4.8387,4.8558,0.148,-0.5251,1548
Herent,24038,57.211,57.1763,1.75,56.615,56.6494,1.725,-0.5269,1112
Herentals,13011,56.5559,56.4146,1.726,57.4592,57.4194,1.749,1.0048,1406
Herenthout,13012,56.3368,56.3234,1.724,59.8958,60.0171,1.828,3.6937,1216
Herk-de-Stad,71024,62.6192,62.5478,1.914,63.5092,63.4105,1.931,0.8627,1788
Herne,23032,32.2581,32.2823,0.988,32.736,32.7261,0.997,0.4438,1542
Héron,61028,9.0909,9.0405,0.277,3.0909,3.0712,0.094,-5.9693,1005
Herselt,13013,47.9871,47.9027,1.466,50.2415,50.2844,1.531,2.3817,
Herstal,62051,9.1515,9.1457,0.28,4.0387,4.0378,0.123,-5.1079,1084
Herstappe,73028,30,29.3334,0.898,40,39.0926,1.19,9.7592,1379
Herve,63035,3.6954,3.7028,0.113,1.8477,1.8514,0.056,-1.8514,2005
Herzele,41027,54.8921,54.8943,1.68,57.2002,57.1847,1.741,2.2904,1182
Heusden-Zolder,71070,64.2291,64.1634,1.964,61.0586,61.1157,1.861,-3.0477,1165
Heuvelland,33039,61.191,61.0086,1.867,60.883,60.7466,1.85,-0.262,3865
Hoegaarden,24041,48.0716,47.9685,1.468,50.1377,50.1852,1.528,2.2167,863
Hoeilaart,23033,40.0303,40.0805,1.227,40.561,40.6505,1.238,0.57,1470
Hoeselt,73032,55.5556,55.5974,1.701,53.4979,53.5922,1.632,-2.0052,643
Holsbeek,24043,55.8543,55.8054,1.708,54.9003,54.8866,1.671,-0.9188,1748
Honnelles,53083,4.8137,4.7915,0.147,5.9006,5.8609,0.178,1.0694,1646
Hooglede,36006,56.0382,56.0517,1.715,57.1677,57.1976,1.742,1.1459,1881
Hoogstraten,13014,55.3366,55.3342,1.693,55.8292,55.8296,1.7,0.4954,1395
Horebeke,45062,55.5985,55.9584,1.712,55.2124,55.4155,1.688,-0.5429,775
Hotton,83028,8.6667,8.6542,0.265,8.5,8.4819,0.258,-0.1723,2570
Houffalize,82014,8.9161,8.898,0.272,7.3427,7.3234,0.223,-1.5746,1241
Houthalen-Helchteren,72039,56.5541,56.424,1.727,57.7772,57.8156,1.761,1.3916,1393
Houthulst,32006,56.3691,56.3395,1.724,57.673,57.6511,1.756,1.3116,1610
Houyet,91072,9.7248,9.7128,0.297,9.7248,9.706,0.296,-0.0068,1056
Hove,11021,33.1336,33.1976,1.016,34.589,34.7473,1.058,1.5497,1568
Huldenberg,24045,47.4336,47.3263,1.448,51.0619,50.9528,1.552,3.6265,844
Hulshout,13016,57.5214,57.3941,1.756,58.2906,58.2912,1.775,0.8971,1173
Huy,61031,8.7878,8.7793,0.269,2.6285,2.6257,0.08,-6.1536,1212
Ichtegem,35006,55.076,55.0552,1.685,54.772,54.8318,1.67,-0.2234,2507
Ieper,33011,60.6649,60.6613,1.856,61.3565,61.3652,1.869,0.7039,1477
Incourt,25043,7.732,7.7218,0.236,5.6701,5.6726,0.173,-2.0492,682
Ingelmunster,36007,54.9307,54.988,1.683,57.6202,57.6509,1.756,2.6629,1691
Ittre,25044,9.5559,9.5291,0.292,8.0754,8.0387,0.245,-1.4904,1510
Ixelles | Elsene,21009,8.6643,8.6542,0.265,7.773,7.7671,0.237,-0.8871,1206
Izegem,36008,56.4467,56.6096,1.732,58.9588,59.0614,1.799,2.4518,1022
Jabbeke,31012,49.4624,49.4063,1.512,50.9338,50.8096,1.547,1.4033,1173
Jalhay,63038,4.8685,4.8772,0.149,1.6553,1.6606,0.051,-3.2166,877
Jemeppe-sur-Sambre,92140,6.4366,6.4369,0.197,6.0168,6.0123,0.183,-0.4246,935
Jette,21010,13.4608,13.4671,0.412,13.0784,13.0841,0.398,-0.383,1236
Jodoigne,25048,11.3396,11.3302,0.347,8.6604,8.6622,0.264,-2.668,1463
Juprelle,62060,7.5874,7.593,0.232,1.8755,1.8744,0.057,-5.7186,1272
Jurbise,53044,4.7695,4.7682,0.146,5.2464,5.2458,0.16,0.4776,1754
Kalmthout,11022,44.5486,44.5974,1.365,46.1244,46.1793,1.406,1.5819,1558
Kampenhout,23038,44.9381,44.918,1.375,46.8318,46.9066,1.428,1.9886,1212
Kapellen,11023,38.2601,38.1997,1.169,37.4155,37.3892,1.139,-0.8105,1919
Kapelle-op-den-Bos,23039,48.7462,48.738,1.491,51.0333,50.9346,1.551,2.1966,1323
Kaprijke,43007,62.7119,62.65,1.917,59.7132,59.554,1.814,-3.096,1350
Kasterlee,13017,55.815,55.6904,1.704,59.1872,59.1591,1.802,3.4687,1934
Keerbergen,24048,36.5932,36.6752,1.122,40.3009,40.3971,1.23,3.7219,3114
Kelmis,63040,15.4402,15.4579,0.473,8.6071,8.621,0.263,-6.8369,1005
Kinrooi,72018,63.4381,63.47,1.942,61.7704,62.0303,1.889,-1.4397,1930
Kluisbergen,45060,48.8145,48.7945,1.493,48.954,48.919,1.49,0.1245,1266
Knesselare,44029,55.1102,55.1575,1.688,56.1122,56.0982,1.708,0.9407,2187
Knokke-Heist,31043,42.7555,42.9864,1.315,43.2761,43.3171,1.319,0.3307,923
Koekelare,32010,55.5,55.4972,1.698,54.8,54.9879,1.675,-0.5093,1513
Koekelberg,21011,11.95,11.9628,0.366,10.7007,10.7113,0.326,-1.2515,1274
Koksijde,38014,55.8674,56.2384,1.721,55.4319,55.4724,1.689,-0.766,1651
Kontich,11024,40.0461,40.0549,1.226,41.1606,41.2017,1.255,1.1468,1280
Kortemark,32011,53.4053,53.4152,1.635,52.3938,52.3442,1.594,-1.071,2446
Kortenaken,24054,56.3996,56.5315,1.73,57.3361,57.5489,1.753,1.0174,1373
Kortenberg,24055,49.697,49.6302,1.519,52.2078,52.1585,1.588,2.5283,792
Kortessem,73040,55.9428,55.9964,1.714,60.2324,60.499,1.842,4.5026,1371
Kortrijk,34022,43.5807,43.59,1.334,44.6818,44.6672,1.36,1.0772,1842
Kraainem,23099,15.7439,15.7146,0.481,17.4164,17.4074,0.53,1.6928,1465
Kruibeke,46013,48.9712,49.0279,1.5,46.0391,46.1189,1.404,-2.909,1259
Kruishoutem,45017,54.2763,54.2843,1.661,53.7281,53.904,1.642,-0.3803,1393
Kuurne,34023,49.1153,49.2019,1.506,50.8237,50.79,1.547,1.5881,1065
La Bruyere,92141,4.8106,4.8067,0.147,2.6612,2.6645,0.081,-2.1422,786
La Hulpe,25050,11.4017,11.4028,0.349,9.6234,9.61,0.293,-1.7928,1216
La Louvičre,55022,6.6721,6.6711,0.204,5.4869,5.485,0.167,-1.1861,1652
La Roche-en-Ardenne,83031,7.767,7.7858,0.238,6.7961,6.7975,0.207,-0.9883,2384
Laakdal,13053,60.2652,60.2831,1.845,61.1002,61.2194,1.864,0.9363,1330
Laarne,42010,56.096,56.1343,1.718,54.1505,54.1784,1.65,-1.9559,3299
Lanaken,73042,60.3514,60.3973,1.848,60.6149,60.6838,1.848,0.2865,1017
Landen,24059,64.812,64.9101,1.986,61.1028,61.3122,1.867,-3.5979,1050
Langemark-Poelkapelle,33040,61.6029,61.456,1.881,65.5502,65.4391,1.993,3.9831,1688
Lasne,25119,7.5643,7.5779,0.232,6.9087,6.9054,0.21,-0.6725,1438
Le Roeulx,55035,5.9813,5.9892,0.183,5.514,5.5262,0.168,-0.463,1268
Lebbeke,42011,42.7024,42.7449,1.308,45.2919,45.304,1.38,2.5591,748
Lede,41034,47.2031,47.2266,1.445,41.9105,41.9288,1.277,-5.2978,878
Ledegem,36010,53.9091,54.0119,1.653,56.0909,56.2102,1.712,2.1983,1943
Leglise,84033,6.9832,7.0004,0.214,7.8212,7.861,0.239,0.8606,911
Lendelede,34025,56.6197,56.5935,1.732,56.0563,55.9355,1.703,-0.658,5033
Lennik,23104,35.3396,35.3164,1.081,38.5211,38.5091,1.173,3.1927,1225
Lens,53046,5.2838,5.2687,0.161,3.5225,3.5158,0.107,-1.7529,1009
Leopoldsburg,71034,59.3315,59.1678,1.811,59.2201,59.0971,1.8,-0.0707,1694
Les Bons Villers,52075,4.1815,4.1738,0.128,4.5374,4.5306,0.138,0.3568,1296
Lessines,55023,7.5113,7.5096,0.23,8.009,8.0047,0.244,0.4951,2382
Leuven,24062,55.9849,55.9974,1.714,57.4837,57.5832,1.754,1.5858,1457
Leuze-en-Hainaut,57094,7.3156,7.3042,0.224,7.9646,7.9373,0.242,0.6331,1185
Libin,84035,8.3636,8.3736,0.256,9.0909,9.118,0.278,0.7444,1116
Libramont-Chevigny,84077,7.6401,7.636,0.234,8.489,8.4989,0.259,0.8629,1046
Lichtervelde,36011,50.7071,50.7721,1.554,49.798,49.8607,1.518,-0.9114,1528
Liedekerke,23044,44.4444,44.5779,1.364,47.7842,47.8581,1.457,3.2802,765
Liege,62063,9.393,9.3975,0.288,4.0876,4.0863,0.124,-5.3112,870
Lier,12021,45.2676,45.2466,1.385,48.9367,48.8905,1.489,3.6439,1875
Lierde,45063,53.3333,53.3075,1.631,57.9874,57.9737,1.765,4.6662,1058
Lierneux,63045,11.8182,11.7597,0.36,1.3636,1.3528,0.041,-10.4069,773
Lille,13019,54.3992,54.3321,1.663,55.8069,55.9,1.702,1.5679,2070
Limbourg,63046,8.5496,8.5256,0.261,2.4427,2.4347,0.074,-6.0909,3523
Lincent,64047,17.3913,17.3971,0.532,5.7065,5.7146,0.174,-11.6825,748
Linkebeek,23100,16.0883,16.0395,0.491,18.9274,18.8874,0.575,2.8479,550
Lint,11025,45.245,45.0428,1.378,47.3583,47.2376,1.439,2.1948,1862
Linter,24133,51.4509,51.5134,1.576,53.4598,53.4425,1.627,1.9291,1652
Lobbes,56044,58.4098,58.061,1.777,63.6086,63.2092,1.925,5.1482,2506
Lochristi,44034,3.6111,3.6094,0.11,2.2222,2.2248,0.068,-1.3846,1193
Lokeren,46014,64.7012,64.701,1.98,66.3745,66.2994,2.019,1.5984,562
Lommel,72020,53.2482,53.2439,1.629,55.6485,55.6156,1.694,2.3717,638
Londerzeel,23045,69.7718,69.7271,2.134,67.2312,67.1664,2.045,-2.5607,1397
Lontzen,63048,35.5825,35.5646,1.088,36.8871,36.8172,1.121,1.2526,1368
Lo-Reninge,32030,16.3142,16.2888,0.498,8.1571,8.1704,0.249,-8.1184,1364
Lovendegem,44036,51.9742,52.0925,1.594,53.1945,53.1401,1.618,1.0476,1300
Lubbeek,24066,58.2857,58.2549,1.783,55.8442,55.6975,1.696,-2.5574,1508
Lummen,71037,66.0596,65.9725,2.019,65.3422,65.3841,1.991,-0.5884,2558
Maarkedal,45064,46.82,46.9173,1.436,50.4736,50.627,1.542,3.7097,1130
Maaseik,72021,56.4094,56.3785,1.725,55.5376,55.5568,1.692,-0.8217,1636
Maasmechelen,73107,55.3552,55.3479,1.694,57.6519,57.7179,1.758,2.37,2243
Machelen,23047,35.0576,35.8239,1.096,34.4558,35.077,1.068,-0.7469,1392
Maldegem,43010,55.819,55.8745,1.71,57.1121,57.1913,1.742,1.3168,1318
Malle,11057,50.9131,50.9117,1.558,53.1267,53.2571,1.622,2.3454,1782
Malmedy,63049,5.0437,5.0367,0.154,1.4122,1.4098,0.043,-3.6269,1406
Manage,52043,5.5029,5.5094,0.169,4.6283,4.6378,0.141,-0.8716,956
Manhay,83055,4.3127,4.2993,0.132,2.965,2.9683,0.09,-1.331,396
Marche-en-Famenne,83034,9.8353,9.8229,0.301,8.8178,8.817,0.269,-1.0059,1471
Marchin,61039,6.3091,6.2978,0.193,1.8927,1.8922,0.058,-4.4056,1715
Martelange,81013,8.9744,9.0077,0.276,5.1282,5.1443,0.157,-3.8634,1371
Mechelen,12025,42.9996,40.4933,1.239,44.6989,42.6689,1.299,2.1756,1867
Meerhout,13021,60.7461,60.6649,1.856,62.1249,62.0971,1.891,1.4322,666
Meeuwen-Gruitrode,72040,61.388,61.2505,1.874,61.5773,61.5147,1.873,0.2642,1124
Meise,23050,35.7455,35.671,1.092,34.1948,34.2114,1.042,-1.4596,2349
Meix-devant-Virton,85024,6.7055,6.6752,0.204,7.8717,7.8379,0.239,1.1627,1129
Melle,44040,50.4292,50.377,1.542,52.289,52.2915,1.592,1.9145,984
Menen,34027,48.4464,48.5855,1.487,48.7199,48.8322,1.487,0.2467,1685
Merbes-le-Chateau,56049,3.5857,3.5762,0.109,2.988,2.9795,0.091,-0.5967,1507
Merchtem,23052,42.1167,42.0949,1.288,45.1718,45.1563,1.375,3.0614,
Merelbeke,44043,54.7215,54.6871,1.674,52.5078,52.437,1.597,-2.2501,1081
Merksplas,13023,51.5779,51.3317,1.571,58.8757,58.6494,1.786,7.3177,1339
Mesen,33016,48.7395,49.1848,1.505,55.4622,56.2058,1.712,7.021,1645
Messancy,81015,9.9045,9.8611,0.302,9.0692,9.0281,0.275,-0.833,1557
Mettet,92087,6.4872,6.478,0.198,6.9013,6.8935,0.21,0.4155,1102
Meulebeke,37007,54.1762,54.1734,1.658,56.0153,55.9962,1.705,1.8228,795
Middelkerke,35011,51.2211,51.4658,1.575,51.9375,51.9413,1.582,0.4755,2151
Modave,61041,9.7561,9.7207,0.297,2.439,2.4374,0.074,-7.2833,678
Moerbeke,44045,50.8966,50.897,1.558,54.8966,54.8274,1.67,3.9304,928
Mol,13025,66.0572,65.9747,2.019,65.4477,65.3594,1.99,-0.6153,1013
Molenbeek-St-Jean | St-Jans-Molenbeek,21012,13.5713,13.57,0.415,13.1915,13.1964,0.402,-0.3736,1108
Momignies,56051,8.9482,8.9624,0.274,3.6107,3.6058,0.11,-5.3566,870
Mons,53053,6.5912,6.5947,0.202,5.0839,5.0857,0.155,-1.509,2117
Mont-de-l'Enclus,57095,9.1584,9.1538,0.28,11.6337,11.6419,0.355,2.4881,1114
Montigny-le-Tilleul,52048,5.7935,5.7805,0.177,7.0529,7.0293,0.214,1.2488,1242
Mont-Saint-Guibert,25068,3.3058,3.3054,0.101,1.9972,1.9942,0.061,-1.3112,1013
Moorslede,36012,53.5797,53.7272,1.644,55.5042,55.5744,1.692,1.8472,307
Morlanwelz,56087,5.813,5.7989,0.177,3.8332,3.822,0.116,-1.9769,1086
Mortsel,11029,32.3479,32.3334,0.989,37.4108,37.4106,1.139,5.0772,1298
Mouscron,54007,15.3651,15.3843,0.471,14.5588,14.5549,0.443,-0.8294,899
Musson,85026,8.2627,8.2436,0.252,9.1102,9.1033,0.277,0.8597,1310
Namur,92094,5.1824,5.1842,0.159,5.0896,5.0878,0.155,-0.0964,1528
Nandrin,61043,5.8594,5.858,0.179,1.5625,1.5629,0.048,-4.2951,1112
Nassogne,83040,10.1222,10.1337,0.31,9.9476,9.9807,0.304,-0.153,950
Nazareth,44048,54.9964,54.9173,1.681,59.0223,58.8709,1.793,3.9536,1244
Neerpelt,72025,69.3129,69.3332,2.122,70.1021,70.2936,2.141,0.9604,1270
Neufchateau,84043,9.0403,9.0243,0.276,9.8748,9.8716,0.301,0.8473,1359
Neupre,62121,5.8428,5.8665,0.18,1.8805,1.8848,0.057,-3.9817,1511
Nevele,44049,57.215,57.1777,1.75,57.6479,57.677,1.756,0.4993,1413
Niel,11030,39.1167,38.9864,1.193,43.2177,43.108,1.313,4.1216,1457
Nieuwerkerken,71045,61.5298,61.7549,1.89,61.0799,61.4459,1.871,-0.309,1047
Nieuwpoort,38016,55.0267,55.218,1.69,53.9037,53.8085,1.639,-1.4095,1493
Nijlen,12026,49.4265,49.4644,1.514,55.1254,55.1718,1.68,5.7074,2198
Ninove,41048,53.9588,53.9257,1.65,49.4587,49.3839,1.504,-4.5418,1360
Nivelles,25072,8.6177,8.6237,0.264,7.5477,7.5427,0.23,-1.081,908
Ohey,92097,5.3407,5.3421,0.163,4.6041,4.6172,0.141,-0.7249,1439
Olen,13029,58.3888,58.2663,1.783,60.4527,60.4246,1.84,2.1583,1612
Olne,63057,2.6565,2.6523,0.081,1.3283,1.3273,0.04,-1.325,1626
Onhaye,91103,11.4428,11.4628,0.351,10.4478,10.4726,0.319,-0.9902,1274
Oostende,35013,51.9881,52.166,1.596,51.3832,51.4502,1.567,-0.7158,944
Oosterzele,44052,53.6411,53.4923,1.637,54.6164,54.5103,1.66,1.018,1453
Oostkamp,31022,52.3466,52.4418,1.605,53.8267,53.7493,1.637,1.3075,818
Oostrozebeke,37010,48.8235,48.8636,1.495,52,52.0049,1.584,3.1413,918
Opglabbeek,71047,58.3966,58.2779,1.783,59.3249,59.0975,1.8,0.8196,1263
Opwijk,23060,40.7985,40.7661,1.248,20.7735,20.7705,0.633,-19.9956,1538
Oreye,64056,7.3333,7.3332,0.224,3.1111,3.1152,0.095,-4.218,1174
Orp-Jauche,25120,7.5911,7.6137,0.233,5.5668,5.5834,0.17,-2.0303,897
Ottignies-Louvain-la-Neuve,25121,8.8523,8.8451,0.271,8.5172,8.5135,0.259,-0.3316,1196
Oudenaarde,45035,57.0667,57.1278,1.748,58.6,58.6979,1.788,1.5701,1618
Oudenburg,35014,53.6145,53.6571,1.642,57.0099,56.9802,1.735,3.3231,763
Oud-Heverlee,24086,53.7561,53.657,1.642,56.3268,56.1622,1.71,2.5052,1178
Oud-Turnhout,13031,55.0131,55.0672,1.685,55.3618,55.3414,1.685,0.2742,1405
Ouffet,61048,6.686,6.6777,0.204,0,0,0,-6.6777,1535
Oupeye,62079,7.4413,7.459,0.228,2.9582,2.9605,0.09,-4.4985,1299
Overijse,23062,38.0712,38.0831,1.165,35.6445,35.6277,1.085,-2.4554,1167
Overpelt,72029,69.0394,68.916,2.109,69.3287,69.2671,2.109,0.3511,1594
Paliseul,84050,8.3752,8.3838,0.257,10.3853,10.3976,0.317,2.0138,1287
Pecq,57062,9.8257,9.8401,0.301,7.9239,7.9275,0.241,-1.9126,988
Peer,72030,62.0213,61.8201,1.892,62.9787,62.9403,1.917,1.1202,850
Pepingen,23064,31.9688,31.9138,0.977,36.2573,36.2773,1.105,4.3635,875
Pepinster,63058,6.4823,6.4962,0.199,1.9879,1.9946,0.061,-4.5016,902
Peruwelz,57064,8.9632,8.9637,0.274,10.3198,10.3181,0.314,1.3544,1930
Perwez,25084,9.2593,9.2755,0.284,9.0414,9.0484,0.276,-0.2271,1312
Philippeville,93056,4.8561,4.8484,0.148,4.946,4.9271,0.15,0.0787,1148
Pittem,37011,57.1795,56.9847,1.744,57.4359,57.2296,1.743,0.2449,1461
Plombičres,63088,12.8102,12.8091,0.392,6.8054,6.816,0.208,-5.9931,1258
Pont-A -Celles,52055,5.1246,5.1192,0.157,5.1246,5.1184,0.156,-0.0008,1612
Poperinge,33021,55.4148,55.5371,1.7,56.5066,56.565,1.723,1.0279,1377
Profondeville,92101,3.9688,3.9702,0.121,3.4727,3.474,0.106,-0.4962,1301
Putte,12029,40.8057,40.8426,1.25,46.2085,46.227,1.408,5.3844,818
Puurs,12030,46.0325,46.0137,1.408,49.6796,49.7154,1.514,3.7017,943
Quaregnon,53065,6.954,6.9583,0.213,4.7987,4.8058,0.146,-2.1525,930
Quevy,53084,5.9536,5.9708,0.183,5.2472,5.2676,0.16,-0.7032,894
Quievrain,53068,6.0459,6.0422,0.185,4.2322,4.2163,0.128,-1.8259,1367
Raeren,63061,20.4752,20.429,0.625,11.5304,11.5323,0.351,-8.8967,1983
Ramillies,25122,8.7336,8.7114,0.267,6.5502,6.5324,0.199,-2.179,1466
Ranst,11035,46.023,45.9535,1.406,47.3288,47.2824,1.44,1.3289,1175
Ravels,13035,54.1057,54.0841,1.655,57.8178,57.7916,1.76,3.7075,875
Rebecq,25123,8.3463,8.336,0.255,7.8003,7.7763,0.237,-0.5597,2505
Remicourt,64063,10.9177,10.9083,0.334,3.1646,3.1579,0.096,-7.7504,1369
Rendeux,83044,10.0334,10.0101,0.306,10.0334,10.0211,0.305,0.011,3128
Retie,13036,59.6283,59.4869,1.82,61.9331,61.8418,1.883,2.3549,863
Riemst,73066,60.1242,60.1144,1.84,56.829,56.8028,1.73,-3.3116,899
Rijkevorsel,13037,53.5741,53.6618,1.642,57.7126,57.856,1.762,4.1942,1563
Rixensart,25091,10.5529,10.5554,0.323,9.002,9.0035,0.274,-1.5519,1640
Rochefort,91114,8.1843,8.1808,0.25,8.8721,8.8623,0.27,0.6815,1172
Roeselare,36015,55.5685,55.5829,1.701,56.2664,56.2619,1.713,0.679,1161
Ronse,45041,40.9769,40.981,1.254,41.1465,41.1526,1.253,0.1716,420
Roosdaal,23097,45.2624,45.0427,1.378,49.1254,48.8985,1.489,3.8558,1977
Rotselaar,24094,51.8868,51.7732,1.584,54.5073,54.4218,1.657,2.6486,1056
Rouvroy,85047,5,5.0101,0.153,6.3636,6.4155,0.195,1.4054,1371
Ruiselede,37012,51.8784,51.7734,1.584,55.6351,55.6697,1.695,3.8963,1340
Rumes,57072,11.8694,11.8804,0.364,11.7211,11.7306,0.357,-0.1498,877
Rumst,11037,43.6705,43.6506,1.336,43.9469,43.9003,1.337,0.2497,779
Sainte-Ode,82038,8.1352,8.123,0.249,1.5019,1.4987,0.046,-6.6243,933
Saint-Georges-sur-Meuse,64065,7.4372,7.442,0.228,5.1191,5.1265,0.156,-2.3155,773
Saint-Ghislain,53070,8.7658,8.7461,0.268,9.6598,9.6566,0.294,0.9105,1256
Saint-Gilles | St-Gillis,21013,9.1938,9.1661,0.281,8.0622,8.0338,0.245,-1.1323,944
Saint-Hubert,84059,13.3743,13.3451,0.408,14.3195,14.3449,0.437,0.9998,1103
Saint-Josse-ten-Noode | Sint-Joost-ten-Node,21014,6.8681,6.8578,0.21,4.9451,4.9539,0.151,-1.9039,1326
Saint-Leger,85034,7.6543,7.6485,0.234,3.351,3.3459,0.102,-4.3026,1434
Saint-Nicolas,62093,8.0153,8.0205,0.245,9.1603,9.1489,0.279,1.1284,1497
Sambreville,92137,7.7326,7.7323,0.237,7.3547,7.3514,0.224,-0.3809,1230
Sankt Vith,63067,9.3067,9.2829,0.284,7.5973,7.5865,0.231,-1.6964,2211
Schaerbeek | Schaarbeek,21015,12.5776,12.5643,0.384,12.9758,12.9906,0.396,0.4263,1031
Schelle,11038,41.7954,41.7672,1.278,41.6023,41.5534,1.265,-0.2138,1137
Scherpenheuvel-Zichem,24134,51.939,52.0098,1.592,50.1492,50.1594,1.527,-1.8504,1828
Schilde,11039,43.0187,42.9899,1.316,42.948,42.8378,1.305,-0.1521,972
Schoten,11040,55.6418,55.6831,1.704,56.3271,56.3935,1.717,0.7104,1031
Seneffe,52063,6.5,6.5054,0.199,5.4286,5.4237,0.165,-1.0817,1333
Seraing,62096,7.1908,7.1885,0.22,3.3695,3.3659,0.103,-3.8226,1031
Silly,55039,8.547,8.5241,0.261,7.7873,7.7628,0.236,-0.7613,1557
Sint-Amands,12034,44.9735,44.9845,1.377,45.8201,45.7754,1.394,0.7909,1848
Sint-Genesius-Rode,23101,17.8451,17.8346,0.546,18.729,18.736,0.571,0.9014,1248
Sint-Gillis-Waas,46020,44.6001,44.6124,1.365,45.6394,45.592,1.388,0.9796,1904
Sint-Katelijne-Waver,12035,43.7475,43.7602,1.339,42.412,42.4686,1.293,-1.2916,1156
Sint-Laureins,43014,56.2889,56.3203,1.724,58.9041,59.0981,1.8,2.7778,1234
Sint-Lievens-Houtem,41063,53.3272,53.2737,1.63,56.1922,56.0584,1.707,2.7847,1610
Sint-Martens-Latem,44064,43.2432,43.2852,1.325,43.8165,43.7816,1.333,0.4964,1352
Sint-Niklaas,46021,48.1797,48.1911,1.475,48.6787,48.6108,1.48,0.4197,1632
Sint-Pieters-Leeuw,23077,23.7468,23.737,0.726,22.0506,22.0317,0.671,-1.7053,1397
Sint-Truiden,71053,57.4666,57.5083,1.76,57.0645,57.1242,1.74,-0.3841,961
Sivry-Rance,56088,5.7508,5.7529,0.176,4.7923,4.8094,0.146,-0.9435,1414
Soignies,55040,5.956,5.953,0.182,4.8564,4.8505,0.148,-1.1025,1284
Sombreffe,92114,5.2632,5.2501,0.161,4.5913,4.5767,0.139,-0.6734,1062
Somme-Leuze,91120,8.5809,8.5785,0.263,6.7657,6.7511,0.206,-1.8274,1527
Soumagne,62099,5.3346,5.3415,0.163,2.1823,2.1859,0.067,-3.1556,899
Spa,63072,6.3197,6.3247,0.194,2.1561,2.1555,0.066,-4.1692,1270
Spiere-Helkijn,34043,35.4701,35.343,1.082,31.1966,31.1408,0.948,-4.2022,1477
Sprimont,62100,6.4365,6.4395,0.197,1.7554,1.7576,0.054,-4.6819,702
Stabroek,11044,53.0428,53.2017,1.628,52.7549,53.018,1.615,-0.1837,1332
Staden,36019,57.1189,57.2392,1.752,58.6265,58.7608,1.789,1.5216,1350
Stavelot,63073,6.2212,6.2158,0.19,1.9585,1.9511,0.059,-4.2647,1895
Steenokkerzeel,23081,39.89,39.8964,1.221,43.6039,43.6073,1.328,3.7109,684
Stekene,46024,45.6696,45.715,1.399,45.0893,45.0933,1.373,-0.6217,1232
Stoumont,63075,7.6923,7.669,0.235,0,0,0,-7.669,1904
Tellin,84068,10.1045,10.1273,0.31,9.0592,9.0729,0.276,-1.0544,506
Temse,46025,48.3123,48.2934,1.478,45.2598,45.2103,1.377,-3.0831,1016
Tenneville,83049,6.5217,6.4961,0.199,4.9689,4.9741,0.151,-1.522,1698
Ternat,23086,44.5946,44.6426,1.366,48.6486,48.8181,1.487,4.1755,1327
Tervuren,24104,40.2098,40.1843,1.23,41.5307,41.5159,1.264,1.3316,1774
Tessenderlo,71057,62.4161,62.5521,1.914,64.0268,64.2401,1.956,1.688,1391
Theux,63076,5.5939,5.5927,0.171,1.7265,1.7283,0.053,-3.8644,1472
Thimister-Clermont,63089,5,4.9883,0.153,1.2903,1.2894,0.039,-3.6989,1135
Thuin,56078,3.0704,3.0732,0.094,2.4091,2.4083,0.073,-0.6649,862
Tielt,37015,54.4403,54.4991,1.668,55.349,55.4403,1.688,0.9412,1821
Tielt-Winge,24135,54.1045,54.0269,1.653,51.6418,51.6343,1.572,-2.3926,1398
Tienen,24107,49.545,49.6036,1.518,53.3439,53.3715,1.625,3.7679,902
Tinlot,61081,7.4675,7.4478,0.228,1.6234,1.6238,0.049,-5.824,1408
Tintigny,85039,5.5118,5.4953,0.168,5.7743,5.766,0.176,0.2707,690
Tongeren,73083,57.9382,57.9767,1.774,56.5281,56.6277,1.724,-1.349,1031
Torhout,31033,57.6078,57.6055,1.763,54.3531,54.4079,1.657,-3.1976,1404
Tournai,57081,10.5697,10.5608,0.323,10.875,10.8562,0.331,0.2954,1171
Tremelo,24109,41.7026,41.7007,1.276,43.4806,43.4584,1.323,1.7577,1038
Trois-Ponts,63086,9.6667,9.6822,0.296,3.3333,3.3475,0.102,-6.3347,1228
Trooz,62122,6.07,6.0618,0.186,2.6749,2.671,0.081,-3.3908,835
Tubize,25105,10.7143,10.7115,0.328,9.7959,9.79,0.298,-0.9215,714
Turnhout,13040,48.9532,48.9666,1.498,52.3601,52.4275,1.597,3.4609,1720
Uccle /|Ukkel,21016,6.8679,6.874,0.21,7.2832,7.2887,0.222,0.4147,1798
Vaux-sur-Sure,82036,12.2807,12.3084,0.377,9.8684,9.9101,0.302,-2.3983,798
Verlaine,61063,7.7253,7.6919,0.235,2.5751,2.5592,0.078,-5.1327,1115
Verviers,63079,6.7861,6.7876,0.208,3.2674,3.2676,0.1,-3.52,1112
Veurne,38025,60.9872,61.0372,1.868,59.8377,59.8987,1.824,-1.1385,1623
Vielsalm,82032,4.4199,4.4054,0.135,4.7514,4.7339,0.144,0.3285,1095
Villers-la-Ville,25107,6.5812,6.567,0.201,5.5556,5.5421,0.169,-1.0249,1027
Villers-le-Bouillet,61068,6.1058,6.0904,0.186,1.7639,1.7613,0.054,-4.3291,1678
Vilvoorde,23088,35.265,35.1782,1.077,38.9635,38.9249,1.185,3.7467,1413
Viroinval,93090,5.4224,5.4229,0.166,5.6747,5.6673,0.173,0.2444,1478
Virton,85045,6.3214,6.3153,0.193,6.5499,6.5421,0.199,0.2268,708
Vise,62108,7.6392,7.6331,0.234,3.7276,3.723,0.113,-3.9101,1198
Vleteren,33041,57.4257,57.3383,1.755,61.6337,61.2631,1.866,3.9248,1059
Voeren,73109,36.0806,36.0405,1.103,32.7839,32.7523,0.997,-3.2882,1614
Vorselaar,13044,57.3276,57.201,1.75,60.3448,60.4082,1.84,3.2072,1654
Vosselaar,13046,50.9745,50.913,1.558,52.6237,52.5327,1.6,1.6197,733
Vresse-sur-Semois,91143,12.0968,12.0852,0.37,8.6022,8.5949,0.262,-3.4903,1004
Waarschoot,44072,60.9244,60.825,1.861,59.979,59.8866,1.824,-0.9384,1728
Waasmunster,42023,44.0845,44.0403,1.348,47.1831,47.0668,1.433,3.0265,545
Wachtebeke,44073,58.0435,58.2998,1.784,60.8696,60.9825,1.857,2.6827,1479
Waimes,63080,8.5795,8.573,0.262,2.391,2.3913,0.073,-6.1817,1424
Walcourt,93088,4.7355,4.7345,0.145,4.2662,4.2566,0.13,-0.4779,2410
Walhain,25124,7.5606,7.5579,0.231,9.1298,9.1533,0.279,1.5954,1413
Wanze,61072,9.6654,9.6614,0.296,2.7261,2.7231,0.083,-6.9383,1048
Waregem,34040,47.3696,47.4201,1.451,48.9324,48.9991,1.492,1.579,960
Waremme,64074,7.1391,7.1392,0.218,2.2408,2.2364,0.068,-4.9028,959
Wasseiges,64075,9.1837,9.1421,0.28,2.7211,2.7155,0.083,-6.4266,1764
Waterloo,25110,11.6341,11.6359,0.356,9.9756,9.961,0.303,-1.6749,975
Watermael-Boitsfort | Watermaal-Bosvoorde,21017,6.9555,6.9627,0.213,6.425,6.4258,0.196,-0.5369,680
Wavre,25112,9.8664,9.8741,0.302,9.0646,9.0664,0.276,-0.8077,1086
Welkenraedt,63084,10.119,10.089,0.309,7.0578,7.0489,0.215,-3.0401,1005
Wellen,73098,58.9496,58.9189,1.803,60.9861,60.9597,1.856,2.0408,1035
Wellin,84075,9.1445,9.1788,0.281,10.6195,10.6486,0.324,1.4698,1938
Wemmel,23102,32.5295,32.5279,0.995,29.3484,29.342,0.894,-3.1859,1288
Wervik,33029,47.13,47.2232,1.445,49.0583,49.0636,1.494,1.8404,1320
Westerlo,13049,54.5131,54.5672,1.67,58.4277,58.5172,1.782,3.95,1246
Wetteren,42025,52.6298,52.616,1.61,54.7202,54.7143,1.666,2.0983,1535
Wevelgem,34041,45.2223,45.2149,1.384,50.1464,50.1511,1.527,4.9362,1958
Wezembeek-Oppem,23103,28.6034,28.5402,0.873,27.3184,27.3409,0.833,-1.1993,1444
Wichelen,42026,51.0135,50.9329,1.559,50.9459,50.9678,1.552,0.0349,1824
Wielsbeke,37017,46.7253,46.6866,1.429,48.6804,48.6794,1.482,1.9928,778
Wijnegem,11050,48.0855,47.9947,1.469,49.9555,50.0107,1.523,2.016,1827
Willebroek,12040,44.4405,44.3649,1.358,45.4415,45.4047,1.383,1.0398,1597
Wingene,37018,50.104,50.0144,1.531,50.5198,50.4297,1.536,0.4153,1535
Woluwe-St-Lambert | St-Lambrechts-Woluwe,21018,9.0822,9.0898,0.278,8.4619,8.4683,0.258,-0.6215,1716
Woluwe-St-Pierre | St-Pieters-Woluwe,21019,8.8459,8.8463,0.271,9.3602,9.3711,0.285,0.5248,947
Wommelgem,11052,45.8198,45.7369,1.4,43.8756,43.7951,1.334,-1.9418,1145
Wortegem-Petegem,45061,50.5945,50.5595,1.547,52.576,52.598,1.602,2.0385,1387
Wuustwezel,11053,55.3319,55.172,1.688,56.2313,56.2365,1.713,1.0645,2081
Yvoir,91141,7.3239,7.3157,0.224,6.1972,6.1892,0.188,-1.1265,1583
Zandhoven,11054,47.3839,47.3145,1.448,48.6772,48.6153,1.48,1.3008,1771
Zaventem,23094,33.3243,33.229,1.017,32.9469,32.8884,1.002,-0.3406,1244
Zedelgem,31040,51.3025,51.3591,1.572,51.9175,51.9082,1.581,0.5491,1921
Zele,42028,55.8285,55.9013,1.711,59.1174,59.2025,1.803,3.3012,1319
Zelzate,43018,57.2937,57.3152,1.754,56.5677,56.354,1.716,-0.9612,1196
Zemst,23096,37.535,37.4307,1.145,40.9314,40.8889,1.245,3.4582,1734
Zingem,45057,52.9268,53.0088,1.622,56.7073,56.7281,1.728,3.7193,2016
Zoersel,11055,50.7775,50.7672,1.554,51.6661,51.5529,1.57,0.7857,1824
Zomergem,44080,57.3171,57.2736,1.753,60.0375,60.0407,1.828,2.7671,1174
Zonhoven,71066,60.1206,60.1235,1.84,60.4975,60.54,1.844,0.4165,2565
Zonnebeke,33037,54.1538,54.1833,1.658,56.3846,56.3996,1.718,2.2163,1873
Zottegem,41081,52.7267,52.7515,1.614,55.0639,55.0471,1.676,2.2956,1248
Zoutleeuw,24130,52.0755,52.0524,1.593,52.7358,52.7085,1.605,0.6561,1224
Zuienkerke,31042,48.4293,48.3676,1.48,54.9738,54.9976,1.675,6.63,283
Zulte,44081,55.5746,55.5205,1.699,56.2035,56.2263,1.712,0.7058,1388
Zutendaal,71067,61.5152,61.4345,1.88,60.404,60.3955,1.839,-1.039,1515
Zwalm,45065,53.4232,53.4684,1.636,55.083,55.3002,1.684,1.8318,1080
Zwevegem,34042,40.4475,40.4173,1.237,45.2324,45.2116,1.377,4.7943,1397
Zwijndrecht,11056,38.0619,38.0262,1.164,39.134,39.1191,1.191,1.0929,1521
